<?xml version="1.0" encoding="UTF-8" ?>
<!-- This is a WordPress eXtended RSS file generated by WordPress as an export of your site. -->
<!-- It contains information about your site's posts, pages, comments, categories, and other content. -->
<!-- You may use this file to transfer that content from one site to another. -->
<!-- This file is not intended to serve as a complete backup of your site. -->

<!-- To import this information into a WordPress site follow these steps: -->
<!-- 1. Log in to that site as an administrator. -->
<!-- 2. Go to Tools: Import in the WordPress admin panel. -->
<!-- 3. Install the "WordPress" importer from the list. -->
<!-- 4. Activate & Run Importer. -->
<!-- 5. Upload this file using the form provided on that page. -->
<!-- 6. You will first be asked to map the authors in this export file to users -->
<!--    on the site. For each author, you may choose to map to an -->
<!--    existing user on the site or to create a new user. -->
<!-- 7. WordPress will then import each of the posts, pages, comments, categories, etc. -->
<!--    contained in this file into your site. -->

<!-- generator="WordPress/3.5.1" created="2013-04-12 12:44" -->
<rss version="2.0"
	xmlns:excerpt="http://wordpress.org/export/1.2/excerpt/"
	xmlns:content="http://purl.org/rss/1.0/modules/content/"
	xmlns:wfw="http://wellformedweb.org/CommentAPI/"
	xmlns:dc="http://purl.org/dc/elements/1.1/"
	xmlns:wp="http://wordpress.org/export/1.2/"
>

<channel>
	<title>Appz WordPress Theme</title>
	<link>http://appz.themeshaker.com</link>
	<description>Just another WordPress site</description>
	<pubDate>Fri, 12 Apr 2013 12:44:54 +0000</pubDate>
	<language>en-US</language>
	<wp:wxr_version>1.2</wp:wxr_version>
	<wp:base_site_url>http://appz.themeshaker.com</wp:base_site_url>
	<wp:base_blog_url>http://appz.themeshaker.com</wp:base_blog_url>

	<wp:author><wp:author_id>1</wp:author_id><wp:author_login>appzadmin</wp:author_login><wp:author_email>info@themeshaker.com</wp:author_email><wp:author_display_name><![CDATA[appzadmin]]></wp:author_display_name><wp:author_first_name><![CDATA[]]></wp:author_first_name><wp:author_last_name><![CDATA[]]></wp:author_last_name></wp:author>

	<wp:category><wp:term_id>1</wp:term_id><wp:category_nicename>uncategorized</wp:category_nicename><wp:category_parent></wp:category_parent><wp:cat_name><![CDATA[Uncategorized]]></wp:cat_name></wp:category>

	<generator>http://wordpress.org/?v=3.5.1</generator>

	<item>
		<title>Appz WordPress Theme</title>
		<link>http://appz.themeshaker.com/?p=1</link>
		<pubDate>Sat, 16 Mar 2013 14:47:59 +0000</pubDate>
		<dc:creator>appzadmin</dc:creator>
		<guid isPermaLink="false">http://appz.themeshaker.com/?p=1</guid>
		<description></description>
		<content:encoded><![CDATA[<img src="http://appz.themeshaker.com/wp-content/uploads/2013/03/appz-features.png" alt="Appz Features" width="429" height="600" class="alignright size-full wp-image-26" />

<h2><strong>Clean.</strong> Minimalistic Approach</h2>
Lorem ipsum dolor sit amet, consectetur adipisicing elit, sed do eiusmod tempor incididunt ut labore et dolore magna aliqua. Ut enim ad minim veniam, quis nostrud exercitation ullamco laboris nisi ut aliquip ex ea commodo consequat. Duis aute irure dolor in reprehenderit in voluptate velit esse cillum dolore. 

<h2><strong>Simple.</strong> Easy to Use</h2>
Lorem ipsum dolor sit amet, consectetur adipisicing elit, sed do eiusmod tempor incididunt ut labore et dolore magna aliqua. Ut enim ad minim veniam, quis nostrud exercitation ullamco laboris nisi ut aliquip ex ea commodo consequat. Duis aute irure dolor in reprehenderit in voluptate velit esse cillum dolore eu fugiat nulla pariatur. Excepteur sint occaecat cupidatat non proident, sunt in culpa qui officia deserunt mollit. 

<h2><strong>Customizable.</strong> Styling Options</h2>
Lorem ipsum dolor sit amet, consectetur adipisicing elit, sed do eiusmod tempor incididunt ut labore et dolore magna aliqua. Ut enim ad minim veniam, quis nostrud exercitation ullamco laboris nisi ut aliquip ex ea commodo consequat. Duis aute irure dolor in reprehenderit in voluptate velit esse cillum dolore eu fugiat nulla pariatur. Excepteur sint occaecat cupidatat non proident, sunt in culpa qui officia deserunt mollit anim id est laborum. Duis aute irure dolor in reprehenderit in voluptate velit esse cillum dolore eu fugiat nulla pariatur.

<h2><strong>Fast.</strong> Ready for Action</h2>
Lorem ipsum dolor sit amet, consectetur adipisicing elit, sed do eiusmod tempor incididunt ut labore et dolore magna aliqua. Ut enim ad minim veniam, quis nostrud exercitation ullamco laboris nisi ut aliquip ex ea commodo consequat. Duis aute irure dolor in reprehenderit in voluptate velit esse cillum dolore eu fugiat nulla pariatur. Excepteur sint occaecat cupidatat non proident. ]]></content:encoded>
		<excerpt:encoded><![CDATA[]]></excerpt:encoded>
		<wp:post_id>1</wp:post_id>
		<wp:post_date>2013-03-16 14:47:59</wp:post_date>
		<wp:post_date_gmt>2013-03-16 14:47:59</wp:post_date_gmt>
		<wp:comment_status>open</wp:comment_status>
		<wp:ping_status>open</wp:ping_status>
		<wp:post_name>hello-world</wp:post_name>
		<wp:status>publish</wp:status>
		<wp:post_parent>0</wp:post_parent>
		<wp:menu_order>0</wp:menu_order>
		<wp:post_type>post</wp:post_type>
		<wp:post_password></wp:post_password>
		<wp:is_sticky>0</wp:is_sticky>
		<category domain="category" nicename="uncategorized"><![CDATA[Uncategorized]]></category>
		<wp:postmeta>
			<wp:meta_key>_edit_last</wp:meta_key>
			<wp:meta_value><![CDATA[1]]></wp:meta_value>
		</wp:postmeta>
		<wp:comment>
			<wp:comment_id>1</wp:comment_id>
			<wp:comment_author><![CDATA[Mr WordPress]]></wp:comment_author>
			<wp:comment_author_email></wp:comment_author_email>
			<wp:comment_author_url>http://wordpress.org/</wp:comment_author_url>
			<wp:comment_author_IP></wp:comment_author_IP>
			<wp:comment_date>2013-03-16 14:47:59</wp:comment_date>
			<wp:comment_date_gmt>2013-03-16 14:47:59</wp:comment_date_gmt>
			<wp:comment_content><![CDATA[Hi, this is a comment.
To delete a comment, just log in and view the post&#039;s comments. There you will have the option to edit or delete them.]]></wp:comment_content>
			<wp:comment_approved>1</wp:comment_approved>
			<wp:comment_type></wp:comment_type>
			<wp:comment_parent>0</wp:comment_parent>
			<wp:comment_user_id>0</wp:comment_user_id>
		</wp:comment>
	</item>
	<item>
		<title>Theme Background</title>
		<link>http://appz.themeshaker.com/?post_type=optionsframework&#038;p=4</link>
		<pubDate>Wed, 30 Nov -0001 00:00:00 +0000</pubDate>
		<dc:creator>appzadmin</dc:creator>
		<guid isPermaLink="false">http://appz.themeshaker.com/?post_type=optionsframework&#038;p=4</guid>
		<description></description>
		<content:encoded><![CDATA[]]></content:encoded>
		<excerpt:encoded><![CDATA[]]></excerpt:encoded>
		<wp:post_id>4</wp:post_id>
		<wp:post_date>2013-03-16 15:05:41</wp:post_date>
		<wp:post_date_gmt>0000-00-00 00:00:00</wp:post_date_gmt>
		<wp:comment_status>closed</wp:comment_status>
		<wp:ping_status>closed</wp:ping_status>
		<wp:post_name>of-theme_background</wp:post_name>
		<wp:status>draft</wp:status>
		<wp:post_parent>0</wp:post_parent>
		<wp:menu_order>0</wp:menu_order>
		<wp:post_type>optionsframework</wp:post_type>
		<wp:post_password></wp:post_password>
		<wp:is_sticky>0</wp:is_sticky>
	</item>
	<item>
		<title>Clean &amp; Simple</title>
		<link>http://appz.themeshaker.com/?appz_features=clean</link>
		<pubDate>Sat, 16 Mar 2013 15:34:44 +0000</pubDate>
		<dc:creator>appzadmin</dc:creator>
		<guid isPermaLink="false">http://appz.themeshaker.com/?post_type=appz_features&#038;p=5</guid>
		<description></description>
		<content:encoded><![CDATA[]]></content:encoded>
		<excerpt:encoded><![CDATA[Lorem ipsum dolor sit amet, consectetur adipisicing elit, sed do eiusmod tempor incididunt.]]></excerpt:encoded>
		<wp:post_id>5</wp:post_id>
		<wp:post_date>2013-03-16 15:34:44</wp:post_date>
		<wp:post_date_gmt>2013-03-16 15:34:44</wp:post_date_gmt>
		<wp:comment_status>closed</wp:comment_status>
		<wp:ping_status>closed</wp:ping_status>
		<wp:post_name>clean</wp:post_name>
		<wp:status>publish</wp:status>
		<wp:post_parent>0</wp:post_parent>
		<wp:menu_order>0</wp:menu_order>
		<wp:post_type>appz_features</wp:post_type>
		<wp:post_password></wp:post_password>
		<wp:is_sticky>0</wp:is_sticky>
		<wp:postmeta>
			<wp:meta_key>_edit_last</wp:meta_key>
			<wp:meta_value><![CDATA[1]]></wp:meta_value>
		</wp:postmeta>
		<wp:postmeta>
			<wp:meta_key>_thumbnail_id</wp:meta_key>
			<wp:meta_value><![CDATA[6]]></wp:meta_value>
		</wp:postmeta>
	</item>
	<item>
		<title>Clean &amp; Simple</title>
		<link>http://appz.themeshaker.com/?attachment_id=6</link>
		<pubDate>Sat, 16 Mar 2013 15:34:15 +0000</pubDate>
		<dc:creator>appzadmin</dc:creator>
		<guid isPermaLink="false">http://appz.themeshaker.com/wp-content/uploads/2013/03/einhorn.jpg</guid>
		<description></description>
		<content:encoded><![CDATA[]]></content:encoded>
		<excerpt:encoded><![CDATA[]]></excerpt:encoded>
		<wp:post_id>6</wp:post_id>
		<wp:post_date>2013-03-16 15:34:15</wp:post_date>
		<wp:post_date_gmt>2013-03-16 15:34:15</wp:post_date_gmt>
		<wp:comment_status>open</wp:comment_status>
		<wp:ping_status>open</wp:ping_status>
		<wp:post_name>einhorn</wp:post_name>
		<wp:status>inherit</wp:status>
		<wp:post_parent>5</wp:post_parent>
		<wp:menu_order>0</wp:menu_order>
		<wp:post_type>attachment</wp:post_type>
		<wp:post_password></wp:post_password>
		<wp:is_sticky>0</wp:is_sticky>
		<wp:attachment_url>http://appz.themeshaker.com/wp-content/uploads/2013/03/einhorn.jpg</wp:attachment_url>
		<wp:postmeta>
			<wp:meta_key>_wp_attached_file</wp:meta_key>
			<wp:meta_value><![CDATA[2013/03/einhorn.jpg]]></wp:meta_value>
		</wp:postmeta>
		<wp:postmeta>
			<wp:meta_key>_wp_attachment_metadata</wp:meta_key>
			<wp:meta_value><![CDATA[a:5:{s:5:"width";i:400;s:6:"height";i:300;s:4:"file";s:19:"2013/03/einhorn.jpg";s:5:"sizes";a:2:{s:9:"thumbnail";a:4:{s:4:"file";s:19:"einhorn-150x150.jpg";s:5:"width";i:150;s:6:"height";i:150;s:9:"mime-type";s:10:"image/jpeg";}s:6:"medium";a:4:{s:4:"file";s:19:"einhorn-300x225.jpg";s:5:"width";i:300;s:6:"height";i:225;s:9:"mime-type";s:10:"image/jpeg";}}s:10:"image_meta";a:10:{s:8:"aperture";i:0;s:6:"credit";s:0:"";s:6:"camera";s:0:"";s:7:"caption";s:0:"";s:17:"created_timestamp";i:0;s:9:"copyright";s:0:"";s:12:"focal_length";i:0;s:3:"iso";i:0;s:13:"shutter_speed";i:0;s:5:"title";s:0:"";}}]]></wp:meta_value>
		</wp:postmeta>
	</item>
	<item>
		<title>Minimalistic Approach</title>
		<link>http://appz.themeshaker.com/?appz_features=minimalistic</link>
		<pubDate>Sat, 16 Mar 2013 15:30:08 +0000</pubDate>
		<dc:creator>appzadmin</dc:creator>
		<guid isPermaLink="false">http://appz.themeshaker.com/?post_type=appz_features&#038;p=7</guid>
		<description></description>
		<content:encoded><![CDATA[]]></content:encoded>
		<excerpt:encoded><![CDATA[Lorem ipsum dolor sit amet, consectetur adipisicing elit, sed do eiusmod tempor incididunt ut labore et dolore magna aliqua.]]></excerpt:encoded>
		<wp:post_id>7</wp:post_id>
		<wp:post_date>2013-03-16 15:30:08</wp:post_date>
		<wp:post_date_gmt>2013-03-16 15:30:08</wp:post_date_gmt>
		<wp:comment_status>closed</wp:comment_status>
		<wp:ping_status>closed</wp:ping_status>
		<wp:post_name>minimalistic</wp:post_name>
		<wp:status>publish</wp:status>
		<wp:post_parent>0</wp:post_parent>
		<wp:menu_order>0</wp:menu_order>
		<wp:post_type>appz_features</wp:post_type>
		<wp:post_password></wp:post_password>
		<wp:is_sticky>0</wp:is_sticky>
		<wp:postmeta>
			<wp:meta_key>_edit_last</wp:meta_key>
			<wp:meta_value><![CDATA[1]]></wp:meta_value>
		</wp:postmeta>
		<wp:postmeta>
			<wp:meta_key>_thumbnail_id</wp:meta_key>
			<wp:meta_value><![CDATA[8]]></wp:meta_value>
		</wp:postmeta>
	</item>
	<item>
		<title>Minimalistic Approach</title>
		<link>http://appz.themeshaker.com/?attachment_id=8</link>
		<pubDate>Sat, 16 Mar 2013 15:37:50 +0000</pubDate>
		<dc:creator>appzadmin</dc:creator>
		<guid isPermaLink="false">http://appz.themeshaker.com/wp-content/uploads/2013/03/circular-menu-dribbble-2.jpg</guid>
		<description></description>
		<content:encoded><![CDATA[]]></content:encoded>
		<excerpt:encoded><![CDATA[]]></excerpt:encoded>
		<wp:post_id>8</wp:post_id>
		<wp:post_date>2013-03-16 15:37:50</wp:post_date>
		<wp:post_date_gmt>2013-03-16 15:37:50</wp:post_date_gmt>
		<wp:comment_status>open</wp:comment_status>
		<wp:ping_status>open</wp:ping_status>
		<wp:post_name>circular-menu-dribbble-2</wp:post_name>
		<wp:status>inherit</wp:status>
		<wp:post_parent>7</wp:post_parent>
		<wp:menu_order>0</wp:menu_order>
		<wp:post_type>attachment</wp:post_type>
		<wp:post_password></wp:post_password>
		<wp:is_sticky>0</wp:is_sticky>
		<wp:attachment_url>http://appz.themeshaker.com/wp-content/uploads/2013/03/circular-menu-dribbble-2.jpg</wp:attachment_url>
		<wp:postmeta>
			<wp:meta_key>_wp_attached_file</wp:meta_key>
			<wp:meta_value><![CDATA[2013/03/circular-menu-dribbble-2.jpg]]></wp:meta_value>
		</wp:postmeta>
		<wp:postmeta>
			<wp:meta_key>_wp_attachment_metadata</wp:meta_key>
			<wp:meta_value><![CDATA[a:5:{s:5:"width";i:400;s:6:"height";i:300;s:4:"file";s:36:"2013/03/circular-menu-dribbble-2.jpg";s:5:"sizes";a:2:{s:9:"thumbnail";a:4:{s:4:"file";s:36:"circular-menu-dribbble-2-150x150.jpg";s:5:"width";i:150;s:6:"height";i:150;s:9:"mime-type";s:10:"image/jpeg";}s:6:"medium";a:4:{s:4:"file";s:36:"circular-menu-dribbble-2-300x225.jpg";s:5:"width";i:300;s:6:"height";i:225;s:9:"mime-type";s:10:"image/jpeg";}}s:10:"image_meta";a:10:{s:8:"aperture";i:0;s:6:"credit";s:0:"";s:6:"camera";s:0:"";s:7:"caption";s:0:"";s:17:"created_timestamp";i:0;s:9:"copyright";s:0:"";s:12:"focal_length";i:0;s:3:"iso";i:0;s:13:"shutter_speed";i:0;s:5:"title";s:0:"";}}]]></wp:meta_value>
		</wp:postmeta>
	</item>
	<item>
		<title>Easy to Use</title>
		<link>http://appz.themeshaker.com/?appz_features=simple</link>
		<pubDate>Sat, 16 Mar 2013 15:20:53 +0000</pubDate>
		<dc:creator>appzadmin</dc:creator>
		<guid isPermaLink="false">http://appz.themeshaker.com/?post_type=appz_features&#038;p=9</guid>
		<description></description>
		<content:encoded><![CDATA[]]></content:encoded>
		<excerpt:encoded><![CDATA[Lorem ipsum dolor sit amet, consectetur adipisicing elit, sed do eiusmod tempor incididunt ut labore et dolore magna aliqua.]]></excerpt:encoded>
		<wp:post_id>9</wp:post_id>
		<wp:post_date>2013-03-16 15:20:53</wp:post_date>
		<wp:post_date_gmt>2013-03-16 15:20:53</wp:post_date_gmt>
		<wp:comment_status>closed</wp:comment_status>
		<wp:ping_status>closed</wp:ping_status>
		<wp:post_name>simple</wp:post_name>
		<wp:status>publish</wp:status>
		<wp:post_parent>0</wp:post_parent>
		<wp:menu_order>0</wp:menu_order>
		<wp:post_type>appz_features</wp:post_type>
		<wp:post_password></wp:post_password>
		<wp:is_sticky>0</wp:is_sticky>
		<wp:postmeta>
			<wp:meta_key>_edit_last</wp:meta_key>
			<wp:meta_value><![CDATA[1]]></wp:meta_value>
		</wp:postmeta>
		<wp:postmeta>
			<wp:meta_key>_thumbnail_id</wp:meta_key>
			<wp:meta_value><![CDATA[10]]></wp:meta_value>
		</wp:postmeta>
	</item>
	<item>
		<title>Easy to Use</title>
		<link>http://appz.themeshaker.com/?attachment_id=10</link>
		<pubDate>Sat, 16 Mar 2013 15:40:00 +0000</pubDate>
		<dc:creator>appzadmin</dc:creator>
		<guid isPermaLink="false">http://appz.themeshaker.com/wp-content/uploads/2013/03/icons-freebie.png</guid>
		<description></description>
		<content:encoded><![CDATA[]]></content:encoded>
		<excerpt:encoded><![CDATA[]]></excerpt:encoded>
		<wp:post_id>10</wp:post_id>
		<wp:post_date>2013-03-16 15:40:00</wp:post_date>
		<wp:post_date_gmt>2013-03-16 15:40:00</wp:post_date_gmt>
		<wp:comment_status>open</wp:comment_status>
		<wp:ping_status>open</wp:ping_status>
		<wp:post_name>icons-freebie</wp:post_name>
		<wp:status>inherit</wp:status>
		<wp:post_parent>9</wp:post_parent>
		<wp:menu_order>0</wp:menu_order>
		<wp:post_type>attachment</wp:post_type>
		<wp:post_password></wp:post_password>
		<wp:is_sticky>0</wp:is_sticky>
		<wp:attachment_url>http://appz.themeshaker.com/wp-content/uploads/2013/03/icons-freebie.png</wp:attachment_url>
		<wp:postmeta>
			<wp:meta_key>_wp_attached_file</wp:meta_key>
			<wp:meta_value><![CDATA[2013/03/icons-freebie.png]]></wp:meta_value>
		</wp:postmeta>
		<wp:postmeta>
			<wp:meta_key>_wp_attachment_metadata</wp:meta_key>
			<wp:meta_value><![CDATA[a:5:{s:5:"width";i:400;s:6:"height";i:300;s:4:"file";s:25:"2013/03/icons-freebie.png";s:5:"sizes";a:2:{s:9:"thumbnail";a:4:{s:4:"file";s:25:"icons-freebie-150x150.png";s:5:"width";i:150;s:6:"height";i:150;s:9:"mime-type";s:9:"image/png";}s:6:"medium";a:4:{s:4:"file";s:25:"icons-freebie-300x225.png";s:5:"width";i:300;s:6:"height";i:225;s:9:"mime-type";s:9:"image/png";}}s:10:"image_meta";a:10:{s:8:"aperture";i:0;s:6:"credit";s:0:"";s:6:"camera";s:0:"";s:7:"caption";s:0:"";s:17:"created_timestamp";i:0;s:9:"copyright";s:0:"";s:12:"focal_length";i:0;s:3:"iso";i:0;s:13:"shutter_speed";i:0;s:5:"title";s:0:"";}}]]></wp:meta_value>
		</wp:postmeta>
	</item>
	<item>
		<title>Styling Options</title>
		<link>http://appz.themeshaker.com/?appz_features=customizable</link>
		<pubDate>Sat, 16 Mar 2013 15:10:00 +0000</pubDate>
		<dc:creator>appzadmin</dc:creator>
		<guid isPermaLink="false">http://appz.themeshaker.com/?post_type=appz_features&#038;p=11</guid>
		<description></description>
		<content:encoded><![CDATA[]]></content:encoded>
		<excerpt:encoded><![CDATA[Lorem ipsum dolor sit amet, consectetur adipisicing elit, sed do eiusmod tempor incididunt.]]></excerpt:encoded>
		<wp:post_id>11</wp:post_id>
		<wp:post_date>2013-03-16 15:10:00</wp:post_date>
		<wp:post_date_gmt>2013-03-16 15:10:00</wp:post_date_gmt>
		<wp:comment_status>closed</wp:comment_status>
		<wp:ping_status>closed</wp:ping_status>
		<wp:post_name>customizable</wp:post_name>
		<wp:status>publish</wp:status>
		<wp:post_parent>0</wp:post_parent>
		<wp:menu_order>0</wp:menu_order>
		<wp:post_type>appz_features</wp:post_type>
		<wp:post_password></wp:post_password>
		<wp:is_sticky>0</wp:is_sticky>
		<wp:postmeta>
			<wp:meta_key>_edit_last</wp:meta_key>
			<wp:meta_value><![CDATA[1]]></wp:meta_value>
		</wp:postmeta>
		<wp:postmeta>
			<wp:meta_key>_thumbnail_id</wp:meta_key>
			<wp:meta_value><![CDATA[12]]></wp:meta_value>
		</wp:postmeta>
	</item>
	<item>
		<title>Styling Options</title>
		<link>http://appz.themeshaker.com/?attachment_id=12</link>
		<pubDate>Sat, 16 Mar 2013 15:42:52 +0000</pubDate>
		<dc:creator>appzadmin</dc:creator>
		<guid isPermaLink="false">http://appz.themeshaker.com/wp-content/uploads/2013/03/mic.jpg</guid>
		<description></description>
		<content:encoded><![CDATA[]]></content:encoded>
		<excerpt:encoded><![CDATA[]]></excerpt:encoded>
		<wp:post_id>12</wp:post_id>
		<wp:post_date>2013-03-16 15:42:52</wp:post_date>
		<wp:post_date_gmt>2013-03-16 15:42:52</wp:post_date_gmt>
		<wp:comment_status>open</wp:comment_status>
		<wp:ping_status>open</wp:ping_status>
		<wp:post_name>mic</wp:post_name>
		<wp:status>inherit</wp:status>
		<wp:post_parent>11</wp:post_parent>
		<wp:menu_order>0</wp:menu_order>
		<wp:post_type>attachment</wp:post_type>
		<wp:post_password></wp:post_password>
		<wp:is_sticky>0</wp:is_sticky>
		<wp:attachment_url>http://appz.themeshaker.com/wp-content/uploads/2013/03/mic.jpg</wp:attachment_url>
		<wp:postmeta>
			<wp:meta_key>_wp_attached_file</wp:meta_key>
			<wp:meta_value><![CDATA[2013/03/mic.jpg]]></wp:meta_value>
		</wp:postmeta>
		<wp:postmeta>
			<wp:meta_key>_wp_attachment_metadata</wp:meta_key>
			<wp:meta_value><![CDATA[a:5:{s:5:"width";i:400;s:6:"height";i:300;s:4:"file";s:15:"2013/03/mic.jpg";s:5:"sizes";a:2:{s:9:"thumbnail";a:4:{s:4:"file";s:15:"mic-150x150.jpg";s:5:"width";i:150;s:6:"height";i:150;s:9:"mime-type";s:10:"image/jpeg";}s:6:"medium";a:4:{s:4:"file";s:15:"mic-300x225.jpg";s:5:"width";i:300;s:6:"height";i:225;s:9:"mime-type";s:10:"image/jpeg";}}s:10:"image_meta";a:10:{s:8:"aperture";i:0;s:6:"credit";s:0:"";s:6:"camera";s:0:"";s:7:"caption";s:0:"";s:17:"created_timestamp";i:0;s:9:"copyright";s:0:"";s:12:"focal_length";i:0;s:3:"iso";i:0;s:13:"shutter_speed";i:0;s:5:"title";s:0:"";}}]]></wp:meta_value>
		</wp:postmeta>
	</item>
	<item>
		<title>Ready for Action</title>
		<link>http://appz.themeshaker.com/?appz_features=ready-for-action</link>
		<pubDate>Sat, 16 Mar 2013 14:50:14 +0000</pubDate>
		<dc:creator>appzadmin</dc:creator>
		<guid isPermaLink="false">http://appz.themeshaker.com/?post_type=appz_features&#038;p=14</guid>
		<description></description>
		<content:encoded><![CDATA[]]></content:encoded>
		<excerpt:encoded><![CDATA[Lorem ipsum dolor sit amet, consectetur adipisicing elit, sed do eiusmod tempor incididunt.]]></excerpt:encoded>
		<wp:post_id>14</wp:post_id>
		<wp:post_date>2013-03-16 14:50:14</wp:post_date>
		<wp:post_date_gmt>2013-03-16 14:50:14</wp:post_date_gmt>
		<wp:comment_status>closed</wp:comment_status>
		<wp:ping_status>closed</wp:ping_status>
		<wp:post_name>ready-for-action</wp:post_name>
		<wp:status>publish</wp:status>
		<wp:post_parent>0</wp:post_parent>
		<wp:menu_order>0</wp:menu_order>
		<wp:post_type>appz_features</wp:post_type>
		<wp:post_password></wp:post_password>
		<wp:is_sticky>0</wp:is_sticky>
		<wp:postmeta>
			<wp:meta_key>_edit_last</wp:meta_key>
			<wp:meta_value><![CDATA[1]]></wp:meta_value>
		</wp:postmeta>
		<wp:postmeta>
			<wp:meta_key>_thumbnail_id</wp:meta_key>
			<wp:meta_value><![CDATA[15]]></wp:meta_value>
		</wp:postmeta>
	</item>
	<item>
		<title>Ready for Action</title>
		<link>http://appz.themeshaker.com/?attachment_id=15</link>
		<pubDate>Sat, 16 Mar 2013 15:58:56 +0000</pubDate>
		<dc:creator>appzadmin</dc:creator>
		<guid isPermaLink="false">http://appz.themeshaker.com/wp-content/uploads/2013/03/vinyl.png</guid>
		<description></description>
		<content:encoded><![CDATA[]]></content:encoded>
		<excerpt:encoded><![CDATA[]]></excerpt:encoded>
		<wp:post_id>15</wp:post_id>
		<wp:post_date>2013-03-16 15:58:56</wp:post_date>
		<wp:post_date_gmt>2013-03-16 15:58:56</wp:post_date_gmt>
		<wp:comment_status>open</wp:comment_status>
		<wp:ping_status>open</wp:ping_status>
		<wp:post_name>vinyl</wp:post_name>
		<wp:status>inherit</wp:status>
		<wp:post_parent>14</wp:post_parent>
		<wp:menu_order>0</wp:menu_order>
		<wp:post_type>attachment</wp:post_type>
		<wp:post_password></wp:post_password>
		<wp:is_sticky>0</wp:is_sticky>
		<wp:attachment_url>http://appz.themeshaker.com/wp-content/uploads/2013/03/vinyl.png</wp:attachment_url>
		<wp:postmeta>
			<wp:meta_key>_wp_attached_file</wp:meta_key>
			<wp:meta_value><![CDATA[2013/03/vinyl.png]]></wp:meta_value>
		</wp:postmeta>
		<wp:postmeta>
			<wp:meta_key>_wp_attachment_metadata</wp:meta_key>
			<wp:meta_value><![CDATA[a:5:{s:5:"width";i:400;s:6:"height";i:300;s:4:"file";s:17:"2013/03/vinyl.png";s:5:"sizes";a:2:{s:9:"thumbnail";a:4:{s:4:"file";s:17:"vinyl-150x150.png";s:5:"width";i:150;s:6:"height";i:150;s:9:"mime-type";s:9:"image/png";}s:6:"medium";a:4:{s:4:"file";s:17:"vinyl-300x225.png";s:5:"width";i:300;s:6:"height";i:225;s:9:"mime-type";s:9:"image/png";}}s:10:"image_meta";a:10:{s:8:"aperture";i:0;s:6:"credit";s:0:"";s:6:"camera";s:0:"";s:7:"caption";s:0:"";s:17:"created_timestamp";i:0;s:9:"copyright";s:0:"";s:12:"focal_length";i:0;s:3:"iso";i:0;s:13:"shutter_speed";i:0;s:5:"title";s:0:"";}}]]></wp:meta_value>
		</wp:postmeta>
	</item>
	<item>
		<title>Browser Friendly</title>
		<link>http://appz.themeshaker.com/?appz_features=browser-friendly</link>
		<pubDate>Sat, 16 Mar 2013 14:30:14 +0000</pubDate>
		<dc:creator>appzadmin</dc:creator>
		<guid isPermaLink="false">http://appz.themeshaker.com/?post_type=appz_features&#038;p=16</guid>
		<description></description>
		<content:encoded><![CDATA[]]></content:encoded>
		<excerpt:encoded><![CDATA[Lorem ipsum dolor sit amet, consectetur adipisicing elit, sed do eiusmod tempor incididunt.]]></excerpt:encoded>
		<wp:post_id>16</wp:post_id>
		<wp:post_date>2013-03-16 14:30:14</wp:post_date>
		<wp:post_date_gmt>2013-03-16 14:30:14</wp:post_date_gmt>
		<wp:comment_status>closed</wp:comment_status>
		<wp:ping_status>closed</wp:ping_status>
		<wp:post_name>browser-friendly</wp:post_name>
		<wp:status>publish</wp:status>
		<wp:post_parent>0</wp:post_parent>
		<wp:menu_order>0</wp:menu_order>
		<wp:post_type>appz_features</wp:post_type>
		<wp:post_password></wp:post_password>
		<wp:is_sticky>0</wp:is_sticky>
		<wp:postmeta>
			<wp:meta_key>_edit_last</wp:meta_key>
			<wp:meta_value><![CDATA[1]]></wp:meta_value>
		</wp:postmeta>
		<wp:postmeta>
			<wp:meta_key>_thumbnail_id</wp:meta_key>
			<wp:meta_value><![CDATA[17]]></wp:meta_value>
		</wp:postmeta>
	</item>
	<item>
		<title>Browser Friendly</title>
		<link>http://appz.themeshaker.com/?attachment_id=17</link>
		<pubDate>Sat, 16 Mar 2013 16:13:56 +0000</pubDate>
		<dc:creator>appzadmin</dc:creator>
		<guid isPermaLink="false">http://appz.themeshaker.com/wp-content/uploads/2013/03/camera.png</guid>
		<description></description>
		<content:encoded><![CDATA[]]></content:encoded>
		<excerpt:encoded><![CDATA[]]></excerpt:encoded>
		<wp:post_id>17</wp:post_id>
		<wp:post_date>2013-03-16 16:13:56</wp:post_date>
		<wp:post_date_gmt>2013-03-16 16:13:56</wp:post_date_gmt>
		<wp:comment_status>open</wp:comment_status>
		<wp:ping_status>open</wp:ping_status>
		<wp:post_name>camera</wp:post_name>
		<wp:status>inherit</wp:status>
		<wp:post_parent>16</wp:post_parent>
		<wp:menu_order>0</wp:menu_order>
		<wp:post_type>attachment</wp:post_type>
		<wp:post_password></wp:post_password>
		<wp:is_sticky>0</wp:is_sticky>
		<wp:attachment_url>http://appz.themeshaker.com/wp-content/uploads/2013/03/camera.png</wp:attachment_url>
		<wp:postmeta>
			<wp:meta_key>_wp_attached_file</wp:meta_key>
			<wp:meta_value><![CDATA[2013/03/camera.png]]></wp:meta_value>
		</wp:postmeta>
		<wp:postmeta>
			<wp:meta_key>_wp_attachment_metadata</wp:meta_key>
			<wp:meta_value><![CDATA[a:5:{s:5:"width";i:400;s:6:"height";i:300;s:4:"file";s:18:"2013/03/camera.png";s:5:"sizes";a:2:{s:9:"thumbnail";a:4:{s:4:"file";s:18:"camera-150x150.png";s:5:"width";i:150;s:6:"height";i:150;s:9:"mime-type";s:9:"image/png";}s:6:"medium";a:4:{s:4:"file";s:18:"camera-300x225.png";s:5:"width";i:300;s:6:"height";i:225;s:9:"mime-type";s:9:"image/png";}}s:10:"image_meta";a:10:{s:8:"aperture";i:0;s:6:"credit";s:0:"";s:6:"camera";s:0:"";s:7:"caption";s:0:"";s:17:"created_timestamp";i:0;s:9:"copyright";s:0:"";s:12:"focal_length";i:0;s:3:"iso";i:0;s:13:"shutter_speed";i:0;s:5:"title";s:0:"";}}]]></wp:meta_value>
		</wp:postmeta>
	</item>
	<item>
		<title>Appz Features</title>
		<link>http://appz.themeshaker.com/?attachment_id=26</link>
		<pubDate>Sat, 16 Mar 2013 16:52:01 +0000</pubDate>
		<dc:creator>appzadmin</dc:creator>
		<guid isPermaLink="false">http://appz.themeshaker.com/wp-content/uploads/2013/03/appz-features.png</guid>
		<description></description>
		<content:encoded><![CDATA[]]></content:encoded>
		<excerpt:encoded><![CDATA[]]></excerpt:encoded>
		<wp:post_id>26</wp:post_id>
		<wp:post_date>2013-03-16 16:52:01</wp:post_date>
		<wp:post_date_gmt>2013-03-16 16:52:01</wp:post_date_gmt>
		<wp:comment_status>open</wp:comment_status>
		<wp:ping_status>open</wp:ping_status>
		<wp:post_name>appz-features</wp:post_name>
		<wp:status>inherit</wp:status>
		<wp:post_parent>1</wp:post_parent>
		<wp:menu_order>0</wp:menu_order>
		<wp:post_type>attachment</wp:post_type>
		<wp:post_password></wp:post_password>
		<wp:is_sticky>0</wp:is_sticky>
		<wp:attachment_url>http://appz.themeshaker.com/wp-content/uploads/2013/03/appz-features.png</wp:attachment_url>
		<wp:postmeta>
			<wp:meta_key>_wp_attached_file</wp:meta_key>
			<wp:meta_value><![CDATA[2013/03/appz-features.png]]></wp:meta_value>
		</wp:postmeta>
		<wp:postmeta>
			<wp:meta_key>_wp_attachment_metadata</wp:meta_key>
			<wp:meta_value><![CDATA[a:5:{s:5:"width";i:429;s:6:"height";i:600;s:4:"file";s:25:"2013/03/appz-features.png";s:5:"sizes";a:2:{s:9:"thumbnail";a:4:{s:4:"file";s:25:"appz-features-150x150.png";s:5:"width";i:150;s:6:"height";i:150;s:9:"mime-type";s:9:"image/png";}s:6:"medium";a:4:{s:4:"file";s:25:"appz-features-214x300.png";s:5:"width";i:214;s:6:"height";i:300;s:9:"mime-type";s:9:"image/png";}}s:10:"image_meta";a:10:{s:8:"aperture";i:0;s:6:"credit";s:0:"";s:6:"camera";s:0:"";s:7:"caption";s:0:"";s:17:"created_timestamp";i:0;s:9:"copyright";s:0:"";s:12:"focal_length";i:0;s:3:"iso";i:0;s:13:"shutter_speed";i:0;s:5:"title";s:0:"";}}]]></wp:meta_value>
		</wp:postmeta>
	</item>
</channel>
</rss>
